Model Key,Model Name,CV Acc (Mean),CV Acc (Std),Test Accuracy,Precision,Recall,F1 Score,Training Time (s),Pipeline Time (s)
logistic_regression,Logistic Regression,0.2495003965107058,0.012669291363236015,0.27049180327868855,0.23777796091932724,0.27049180327868855,0.24724326477263847,0.6562914999958593,3.688167499989504
decision_tree,Decision Tree,0.39123446999735656,0.03175098401870154,0.4098360655737705,0.4117731380885796,0.4098360655737705,0.4065436792729112,0.005873999994946644,0.1702168000047095
random_forest,Random Forest,0.4517631509384087,0.01356610541103536,0.48770491803278687,0.47736806038659213,0.48770491803278687,0.4755436987653449,0.42635679998784326,2.6628209999907995
xgboost,XGBoost,0.5020671424795136,0.011065664667295007,0.5122950819672131,0.507431395053182,0.5122950819672131,0.5055623436199457,0.689732400001958,2.982831899993471
lightgbm,LightGBM,0.5185355537932856,0.039035390618242904,0.48770491803278687,0.47658681155161275,0.48770491803278687,0.47970117795600387,2.370888699995703,4.990867300002719
catboost,CatBoost,0.5082527094898228,0.02049849752437779,0.5327868852459017,0.5234962485174469,0.5327868852459017,0.5196731447689908,5.094731499993941,25.255635800000164
