{
    "precision":{
        "Chennai Super Kings":0.6153846154,
        "Deccan Chargers":0.5,
        "Delhi Capitals":0.3333333333,
        "Delhi Daredevils":0.5714285714,
        "Gujarat Lions":0.5,
        "Gujarat Titans":0.6666666667,
        "Kings XI Punjab":0.5,
        "Kochi Tuskers Kerala":0.0,
        "Kolkata Knight Riders":0.5357142857,
        "Lucknow Super Giants":0.2857142857,
        "Mumbai Indians":0.5135135135,
        "Pune Warriors":0.0,
        "Punjab Kings":0.375,
        "Rajasthan Royals":0.5517241379,
        "Rising Pune Supergiant":0.75,
        "Royal Challengers Bengaluru":0.5,
        "Sunrisers Hyderabad":0.619047619,
        "accuracy":0.5327868852,
        "macro avg":0.4598545311,
        "weighted avg":0.5234962485
    },
    "recall":{
        "Chennai Super Kings":0.8,
        "Deccan Chargers":0.3333333333,
        "Delhi Capitals":0.25,
        "Delhi Daredevils":0.3076923077,
        "Gujarat Lions":0.3333333333,
        "Gujarat Titans":0.4444444444,
        "Kings XI Punjab":0.2941176471,
        "Kochi Tuskers Kerala":0.0,
        "Kolkata Knight Riders":0.5357142857,
        "Lucknow Super Giants":0.2857142857,
        "Mumbai Indians":0.6129032258,
        "Pune Warriors":0.0,
        "Punjab Kings":0.375,
        "Rajasthan Royals":0.64,
        "Rising Pune Supergiant":1.0,
        "Royal Challengers Bengaluru":0.5517241379,
        "Sunrisers Hyderabad":0.65,
        "accuracy":0.5327868852,
        "macro avg":0.4361162942,
        "weighted avg":0.5327868852
    },
    "f1-score":{
        "Chennai Super Kings":0.6956521739,
        "Deccan Chargers":0.4,
        "Delhi Capitals":0.2857142857,
        "Delhi Daredevils":0.4,
        "Gujarat Lions":0.4,
        "Gujarat Titans":0.5333333333,
        "Kings XI Punjab":0.3703703704,
        "Kochi Tuskers Kerala":0.0,
        "Kolkata Knight Riders":0.5357142857,
        "Lucknow Super Giants":0.2857142857,
        "Mumbai Indians":0.5588235294,
        "Pune Warriors":0.0,
        "Punjab Kings":0.375,
        "Rajasthan Royals":0.5925925926,
        "Rising Pune Supergiant":0.8571428571,
        "Royal Challengers Bengaluru":0.5245901639,
        "Sunrisers Hyderabad":0.6341463415,
        "accuracy":0.5327868852,
        "macro avg":0.4381643658,
        "weighted avg":0.5196731448
    },
    "support":{
        "Chennai Super Kings":30.0,
        "Deccan Chargers":6.0,
        "Delhi Capitals":12.0,
        "Delhi Daredevils":13.0,
        "Gujarat Lions":3.0,
        "Gujarat Titans":9.0,
        "Kings XI Punjab":17.0,
        "Kochi Tuskers Kerala":1.0,
        "Kolkata Knight Riders":28.0,
        "Lucknow Super Giants":7.0,
        "Mumbai Indians":31.0,
        "Pune Warriors":2.0,
        "Punjab Kings":8.0,
        "Rajasthan Royals":25.0,
        "Rising Pune Supergiant":3.0,
        "Royal Challengers Bengaluru":29.0,
        "Sunrisers Hyderabad":20.0,
        "accuracy":0.5327868852,
        "macro avg":244.0,
        "weighted avg":244.0
    }
}