feature,importance
team2,23.333159162703282
team1,20.662128576096546
season,20.4225268690846
toss_winner,11.661389076307392
venue,9.83997316885688
city,9.343215559059955
toss_decision,4.737607587891356
match_type,0.0
